<?xml version="1.0" encoding="utf-8"?>
<manifest xmlns:android="http://schemas.android.com/apk/res/android"
    package="com.example.appbq_full">

    <!-- system permissions
    <uses-permission android:name="android.permission.ACCESS_CHECKIN_PROPERTIES"/>
    <uses-permission android:name="android.permission.ACCOUNT_MANAGER"/>
    <uses-permission android:name="android.permission.BATTERY_STATS"/>
    <uses-permission android:name="android.permission.BIND_ACCESSIBILITY_SERVICE"/>
    <uses-permission android:name="android.permission.BIND_APPWIDGET"/>
    <uses-permission android:name="android.permission.BIND_AUTOFILL_SERVICE"/>
    <uses-permission android:name="android.permission.BIND_CARRIER_SERVICES"/>
    <uses-permission android:name="android.permission.BIND_CONDITION_PROVIDER_SERVICE"/>
    <uses-permission android:name="android.permission.BIND_CALL_REDIRECTION_SERVICE"/>
    <uses-permission android:name="android.permission.BIND_CARRIER_MESSAGING_CLIENT_SERVICE"/>
    <uses-permission android:name="android.permission.BIND_CONTROLS"/>
    <uses-permission android:name="android.permission.BIND_QUICK_ACCESS_WALLET_SERVICE"/>
    <uses-permission android:name="android.permission.BIND_DEVICE_ADMIN"/>
    <uses-permission android:name="android.permission.BIND_DREAM_SERVICE"/>
    <uses-permission android:name="android.permission.BIND_INCALL_SERVICE"/>
    <uses-permission android:name="android.permission.BIND_INPUT_METHOD"/>
    <uses-permission android:name="android.permission.BIND_MIDI_DEVICE_SERVICE"/>
    <uses-permission android:name="android.permission.BIND_NFC_SERVICE"/>
    <uses-permission android:name="android.permission.BIND_NOTIFICATION_LISTENER_SERVICE"/>
    <uses-permission android:name="android.permission.BIND_PRINT_SERVICE"/>
    <uses-permission android:name="android.permission.BIND_QUICK_SETTINGS_TILE"/>
    <uses-permission android:name="android.permission.BIND_REMOTEVIEWS"/>
    <uses-permission android:name="android.permission.BIND_SCREENING_SERVICE"/>
    <uses-permission android:name="android.permission.BIND_TELECOM_CONNECTION_SERVICE"/>
    <uses-permission android:name="android.permission.BIND_TEXT_SERVICE"/>
    <uses-permission android:name="android.permission.BIND_TV_INPUT"/>
    <uses-permission android:name="android.permission.BIND_VISUAL_VOICEMAIL_SERVICE"/>
    <uses-permission android:name="android.permission.BIND_VOICE_INTERACTION"/>
    <uses-permission android:name="android.permission.BIND_VPN_SERVICE"/>
    <uses-permission android:name="android.permission.BIND_VR_LISTENER_SERVICE"/>
    <uses-permission android:name="android.permission.BIND_WALLPAPER"/>
    <uses-permission android:name="android.permission.BLUETOOTH_PRIVILEGED"/>
    <uses-permission android:name="android.permission.BROADCAST_PACKAGE_REMOVED"/>
    <uses-permission android:name="android.permission.BROADCAST_SMS"/>
    <uses-permission android:name="android.permission.BROADCAST_WAP_PUSH"/>
    <uses-permission android:name="android.permission.CALL_PRIVILEGED"/>
    <uses-permission android:name="android.permission.CAPTURE_AUDIO_OUTPUT"/>
    <uses-permission android:name="android.permission.CAPTURE_SECURE_VIDEO_OUTPUT"/>
    <uses-permission android:name="android.permission.CAPTURE_VIDEO_OUTPUT"/>
    <uses-permission android:name="android.permission.CHANGE_COMPONENT_ENABLED_STATE"/>
    <uses-permission android:name="android.permission.CHANGE_CONFIGURATION"/>
    <uses-permission android:name="android.permission.CLEAR_APP_CACHE"/>
    <uses-permission android:name="android.permission.CONTROL_LOCATION_UPDATES"/>
    <uses-permission android:name="android.permission.DELETE_CACHE_FILES"/>
    <uses-permission android:name="android.permission.DELETE_PACKAGES"/>
    <uses-permission android:name="android.permission.DIAGNOSTIC"/>
    <uses-permission android:name="android.permission.DUMP"/>
    <uses-permission android:name="android.permission.FACTORY_TEST"/>
    <uses-permission android:name="android.permission.GET_ACCOUNTS_PRIVILEGED"/>
    <uses-permission android:name="android.permission.GLOBAL_SEARCH"/>
    <uses-permission android:name="android.permission.INSTALL_LOCATION_PROVIDER"/>
    <uses-permission android:name="android.permission.INSTALL_PACKAGES"/>
    <uses-permission android:name="android.permission.INSTANT_APP_FOREGROUND_SERVICE"/>
    <uses-permission android:name="android.permission.LOCATION_HARDWARE"/>
    <uses-permission android:name="android.permission.MANAGE_DOCUMENTS"/>
    <uses-permission android:name="android.permission.MASTER_CLEAR"/>
    <uses-permission android:name="android.permission.MEDIA_CONTENT_CONTROL"/>
    <uses-permission android:name="android.permission.MODIFY_PHONE_STATE"/>
    <uses-permission android:name="android.permission.MOUNT_FORMAT_FILESYSTEMS"/>
    <uses-permission android:name="android.permission.MOUNT_UNMOUNT_FILESYSTEMS"/>
    <uses-permission android:name="android.permission.PACKAGE_USAGE_STATS"/>
    <uses-permission android:name="android.permission.QUERY_ALL_PACKAGES"/>
    <uses-permission android:name="android.permission.READ_FRAME_BUFFER"/>
    <uses-permission android:name="android.permission.REBOOT"/>
    <uses-permission android:name="android.permission.READ_LOGS"/>
    <uses-permission android:name="android.permission.READ_PRECISE_PHONE_STATE"/>
    <uses-permission android:name="android.permission.SEND_RESPOND_VIA_MESSAGE"/>
    <uses-permission android:name="android.permission.SET_ALWAYS_FINISH"/>
    <uses-permission android:name="android.permission.SET_ANIMATION_SCALE"/>
    <uses-permission android:name="android.permission.SET_DEBUG_APP"/>
    <uses-permission android:name="android.permission.SET_PROCESS_LIMIT"/>
    <uses-permission android:name="android.permission.SET_TIME"/>
    <uses-permission android:name="android.permission.SET_TIME_ZONE"/>
    <uses-permission android:name="android.permission.SIGNAL_PERSISTENT_PROCESSES"/>
    <uses-permission android:name="android.permission.STATUS_BAR"/>
    <uses-permission android:name="android.permission.UPDATE_DEVICE_STATS"/>
    <uses-permission android:name="android.permission.WRITE_APN_SETTINGS"/>
    <uses-permission android:name="android.permission.WRITE_GSERVICES"/>
    <uses-permission android:name="android.permission.WRITE_SECURE_SETTINGS"/>
    <uses-permission android:name="android.permission.WRITE_SETTINGS"/>
    <uses-permission android:name="android.permission.INTERACT_ACROSS_PROFILES"/> sign-appop
    <uses-permission android:name="android.permission.LOADER_USAGE_STATS"/> sign-priv-appop
    <uses-permission android:name="android.permission.MANAGE_EXTERNAL_STORAGE"/> sign-appop-preins most apps not allowed+
    <uses-permission android:name="android.permission.READ_VOICEMAIL"/> sign-priv
    <uses-permission android:name="android.permission.REQUEST_INSTALL_PACKAGES"/> sign-appop
    <uses-permission android:name="android.permission.SMS_FINANCIAL_TRANSACTIONS"/> sign-appop
    <uses-permission android:name="android.permission.START_VIEW_PERMISSION_USAGE"/> sign-installer
    <uses-permission android:name="android.permission.SYSTEM_ALERT_WINDOW"/> sign-preins-appop-pre23-dev
    <uses-permission android:name="android.permission.WRITE_VOICEMAIL"/> sign-priv
    -->

    <!-- deprecated permissions
    <uses-permission android:name="android.permission.BIND_CARRIER_MESSAGING_SERVICE"/>
    <uses-permission android:name="android.permission.BIND_CHOOSER_TARGET_SERVICE"/>
    <uses-permission android:name="android.permission.GET_TASKS"/>
    <uses-permission android:name="android.permission.PERSISTENT_ACTIVITY"/>
    <uses-permission android:name="android.permission.READ_INPUT_STATE"/>
    <uses-permission android:name="android.permission.RESTART_PACKAGES"/>
    <uses-permission android:name="android.permission.SET_PREFERRED_APPLICATIONS"/>
    -->

    <!-- permissions with API higher than 27
    <uses-permission android:name="android.permission.ACCEPT_HANDOVER"/> API 28 dangerous, :phone
    <uses-permission android:name="android.permission.ACCESS_BACKGROUND_LOCATION"/> API 29 dangerous-instant, :location(u)
    <uses-permission android:name="android.permission.ACCESS_MEDIA_LOCATION"/> API 29 dangerous, :storage(u)
    <uses-permission android:name="android.permission.ACTIVITY_RECOGNITION"/> API 29 dangerous-instant, :activity_recognition(u)
    -->

    <!-- runtime permissions -->
                <!-- group :contacts -->
    <uses-permission android:name="android.permission.GET_ACCOUNTS"/> <!-- dangerous, :contacts -->
    <uses-permission android:name="android.permission.READ_CONTACTS"/> <!-- dangerous, :contacts -->
    <uses-permission android:name="android.permission.WRITE_CONTACTS"/> <!-- dangerous, :contacts -->

                <!-- group :calendar -->
    <uses-permission android:name="android.permission.READ_CALENDAR"/> <!-- dangerous, :calendar -->
    <uses-permission android:name="android.permission.WRITE_CALENDAR"/> <!-- dangerous, :calendar -->

                <!-- group :SMS -->
    <uses-permission android:name="android.permission.SEND_SMS"/> <!-- dangerous, :sms -->
    <uses-permission android:name="android.permission.RECEIVE_SMS"/> <!-- dangerous, :sms -->
    <uses-permission android:name="android.permission.READ_SMS"/> <!-- dangerous, :sms -->
    <uses-permission android:name="android.permission.RECEIVE_WAP_PUSH"/> <!-- dangerous, :sms -->
    <uses-permission android:name="android.permission.RECEIVE_MMS"/> <!-- dangerous, :sms -->

                <!-- group :storage -->
    <uses-permission android:name="android.permission.READ_EXTERNAL_STORAGE"/> <!-- dangerous, :storage -->
    <uses-permission android:name="android.permission.WRITE_EXTERNAL_STORAGE"/> <!-- dangerous, :storage -->


                <!-- group :location -->
    <uses-permission android:name="android.permission.ACCESS_FINE_LOCATION"/> <!-- dangerous-instant, :location -->
    <uses-permission android:name="android.permission.ACCESS_COARSE_LOCATION"/> <!-- dangerous-instant, :location -->

                <!-- group :phone -->
    <uses-permission android:name="android.permission.READ_PHONE_STATE"/> <!-- dangerous, :phone -->
    <uses-permission android:name="android.permission.READ_PHONE_NUMBERS"/> <!-- dangerous-instant, :phone -->
    <uses-permission android:name="android.permission.CALL_PHONE"/> <!-- dangerous, :phone -->
    <uses-permission android:name="android.permission.READ_CALL_LOG"/> <!-- dangerous, :phone -->
    <uses-permission android:name="android.permission.WRITE_CALL_LOG"/> <!-- hard-restr dangerous, :phone -->
    <uses-permission android:name="android.permission.ADD_VOICEMAIL"/> <!-- dangerous, :phone -->
    <uses-permission android:name="android.permission.USE_SIP"/> <!-- dangerous, :phone -->
    <uses-permission android:name="android.permission.PROCESS_OUTGOING_CALLS"/> <!-- dangerous, :phone -->
    <uses-permission android:name="android.permission.ANSWER_PHONE_CALLS"/> <!-- dangerous-runtime, :phone -->

                <!-- group :microphone -->
    <uses-permission android:name="android.permission.RECORD_AUDIO"/> <!-- dangerous, :microphone(u) -->


                <!-- group :camera -->
    <uses-permission android:name="android.permission.CAMERA"/> <!-- dangerous, :camera -->


                <!-- group :sensors -->
    <uses-permission android:name="android.permission.BODY_SENSORS"/> <!-- dangerous, :sensors -->
    <uses-permission android:name="android.permission.USE_FINGERPRINT"/> <!-- dangerous, :sensors -->


    <!-- install-time permissions -->
    <uses-permission android:name="android.permission.ACCESS_NOTIFICATION_POLICY"/>
    <uses-permission android:name="android.permission.ACCESS_WIFI_STATE"/>
    <uses-permission android:name="android.permission.BLUETOOTH"/>
    <uses-permission android:name="android.permission.BLUETOOTH_ADMIN"/>
    <uses-permission android:name="android.permission.BROADCAST_STICKY"/>
    <uses-permission android:name="android.permission.CALL_COMPANION_APP"/>
    <uses-permission android:name="android.permission.CHANGE_NETWORK_STATE"/>
    <uses-permission android:name="android.permission.CHANGE_WIFI_MULTICAST_STATE"/>
    <uses-permission android:name="android.permission.CHANGE_WIFI_STATE"/>
    <uses-permission android:name="android.permission.DISABLE_KEYGUARD"/>
    <uses-permission android:name="android.permission.EXPAND_STATUS_BAR"/>
    <uses-permission android:name="android.permission.FOREGROUND_SERVICE"/>
    <uses-permission android:name="android.permission.ACCESS_LOCATION_EXTRA_COMMANDS"/>
    <uses-permission android:name="android.permission.ACCESS_NETWORK_STATE"/>
    <uses-permission android:name="android.permission.GET_PACKAGE_SIZE"/>
    <uses-permission android:name="android.permission.INSTALL_SHORTCUT"/>
    <uses-permission android:name="android.permission.INTERNET"/>
    <uses-permission android:name="android.permission.KILL_BACKGROUND_PROCESSES"/>
    <uses-permission android:name="android.permission.MANAGE_OWN_CALLS"/>
    <uses-permission android:name="android.permission.MODIFY_AUDIO_SETTINGS"/>
    <uses-permission android:name="android.permission.NFC"/>
    <uses-permission android:name="android.permission.NFC_PREFERRED_PAYMENT_INFO"/>
    <uses-permission android:name="android.permission.NFC_TRANSACTION_EVENT"/>
    <uses-permission android:name="android.permission.READ_SYNC_SETTINGS"/>
    <uses-permission android:name="android.permission.READ_SYNC_STATS"/>
    <uses-permission android:name="android.permission.RECEIVE_BOOT_COMPLETED"/>
    <uses-permission android:name="android.permission.REORDER_TASKS"/>
    <uses-permission android:name="android.permission.REQUEST_COMPANION_RUN_IN_BACKGROUND"/>
    <uses-permission android:name="android.permission.REQUEST_COMPANION_USE_DATA_IN_BACKGROUND"/>
    <uses-permission android:name="android.permission.REQUEST_DELETE_PACKAGES"/>
    <uses-permission android:name="android.permission.REQUEST_IGNORE_BATTERY_OPTIMIZATIONS"/>
    <uses-permission android:name="android.permission.REQUEST_PASSWORD_COMPLEXITY"/>
    <uses-permission android:name="android.permission.SET_ALARM"/>
    <uses-permission android:name="android.permission.SET_WALLPAPER"/>
    <uses-permission android:name="android.permission.SET_WALLPAPER_HINTS"/>
    <uses-permission android:name="android.permission.TRANSMIT_IR"/>
    <uses-permission android:name="android.permission.UNINSTALL_SHORTCUT"/>
    <uses-permission android:name="android.permission.USE_BIOMETRIC"/>
    <uses-permission android:name="android.permission.USE_FULL_SCREEN_INTENT"/>
    <uses-permission android:name="android.permission.VIBRATE"/>
    <uses-permission android:name="android.permission.WAKE_LOCK"/>
    <uses-permission android:name="android.permission.WRITE_SYNC_SETTINGS"/>



    <application
        android:allowBackup="true"
        android:icon="@mipmap/ic_launcher"
        android:label="@string/app_name"
        android:roundIcon="@mipmap/ic_launcher_round"
        android:supportsRtl="true"
        android:theme="@style/Theme.AppBQ_full">
        <activity android:name=".MainActivity">
            <intent-filter>
                <action android:name="android.intent.action.MAIN" />

                <category android:name="android.intent.category.LAUNCHER" />
            </intent-filter>
        </activity>
    </application>

</manifest>