<?xml version="1.0" encoding="utf-8"?>
<manifest xmlns:android="http://schemas.android.com/apk/res/android"
    package="com.example.appbq_none">

    <uses-permission android:name="android.permission.ACCESS_NOTIFICATION_POLICY"/>
    <uses-permission android:name="android.permission.ACCESS_WIFI_STATE"/>
    <uses-permission android:name="android.permission.BLUETOOTH"/>
    <uses-permission android:name="android.permission.BLUETOOTH_ADMIN"/>
    <uses-permission android:name="android.permission.BROADCAST_STICKY"/>
    <uses-permission android:name="android.permission.CALL_COMPANION_APP"/>
    <uses-permission android:name="android.permission.CHANGE_NETWORK_STATE"/>
    <uses-permission android:name="android.permission.CHANGE_WIFI_MULTICAST_STATE"/>
    <uses-permission android:name="android.permission.CHANGE_WIFI_STATE"/>
    <uses-permission android:name="android.permission.DISABLE_KEYGUARD"/>
    <uses-permission android:name="android.permission.EXPAND_STATUS_BAR"/>
    <uses-permission android:name="android.permission.FOREGROUND_SERVICE"/>
    <uses-permission android:name="android.permission.ACCESS_LOCATION_EXTRA_COMMANDS"/>
    <uses-permission android:name="android.permission.ACCESS_NETWORK_STATE"/>
    <uses-permission android:name="android.permission.GET_PACKAGE_SIZE"/>
    <uses-permission android:name="android.permission.INSTALL_SHORTCUT"/>
    <uses-permission android:name="android.permission.INTERNET"/>
    <uses-permission android:name="android.permission.KILL_BACKGROUND_PROCESSES"/>
    <uses-permission android:name="android.permission.MANAGE_OWN_CALLS"/>
    <uses-permission android:name="android.permission.MODIFY_AUDIO_SETTINGS"/>
    <uses-permission android:name="android.permission.NFC"/>
    <uses-permission android:name="android.permission.NFC_PREFERRED_PAYMENT_INFO"/>
    <uses-permission android:name="android.permission.NFC_TRANSACTION_EVENT"/>
    <uses-permission android:name="android.permission.READ_SYNC_SETTINGS"/>
    <uses-permission android:name="android.permission.READ_SYNC_STATS"/>
    <uses-permission android:name="android.permission.RECEIVE_BOOT_COMPLETED"/>
    <uses-permission android:name="android.permission.REORDER_TASKS"/>
    <uses-permission android:name="android.permission.REQUEST_COMPANION_RUN_IN_BACKGROUND"/>
    <uses-permission android:name="android.permission.REQUEST_COMPANION_USE_DATA_IN_BACKGROUND"/>
    <uses-permission android:name="android.permission.REQUEST_DELETE_PACKAGES"/>
    <uses-permission android:name="android.permission.REQUEST_IGNORE_BATTERY_OPTIMIZATIONS"/>
    <uses-permission android:name="android.permission.REQUEST_PASSWORD_COMPLEXITY"/>
    <uses-permission android:name="android.permission.SET_ALARM"/>
    <uses-permission android:name="android.permission.SET_WALLPAPER"/>
    <uses-permission android:name="android.permission.SET_WALLPAPER_HINTS"/>
    <uses-permission android:name="android.permission.TRANSMIT_IR"/>
    <uses-permission android:name="android.permission.UNINSTALL_SHORTCUT"/>
    <uses-permission android:name="android.permission.USE_BIOMETRIC"/>
    <uses-permission android:name="android.permission.USE_FULL_SCREEN_INTENT"/>
    <uses-permission android:name="android.permission.VIBRATE"/>
    <uses-permission android:name="android.permission.WAKE_LOCK"/>
    <uses-permission android:name="android.permission.WRITE_SYNC_SETTINGS"/>
    <uses-permission android:name="android.permission.READ_SOCIAL_STREAM"/>



    <application
        android:allowBackup="true"
        android:icon="@mipmap/ic_launcher"
        android:label="@string/app_name"
        android:roundIcon="@mipmap/ic_launcher_round"
        android:supportsRtl="true"
        android:theme="@style/Theme.AppBQ_none">
        <activity android:name=".MainActivity">
            <intent-filter>
                <action android:name="android.intent.action.MAIN" />

                <category android:name="android.intent.category.LAUNCHER" />
            </intent-filter>
            <intent-filter>
                <action android:name="android.nfc.action.TAG_DISCOVERED" />

                <category android:name="android.intent.category.DEFAULT" />
            </intent-filter>

        </activity>
    </application>

</manifest>